ParticipantPrivateID,Response,gain,safe,ID,gamma
11371872,1,200,50,5,0.0530755738394842
11371872,1,200,60,5,0.0530755738394842
11371872,1,200,70,5,0.0530755738394842
11371872,1,200,55,5,0.0530755738394842
11371872,1,200,65,5,0.0530755738394842
11371872,1,200,85,5,0.0530755738394842
11371872,0,200,100,5,0.0530755738394842
11371872,1,200,75,5,0.0530755738394842
11371872,1,200,95,5,0.0530755738394842
11371872,1,200,80,5,0.0530755738394842
11371872,1,200,90,5,0.0530755738394842
11371872,0,200,105,5,0.0530755738394842
11371872,0,200,120,5,0.0530755738394842
11371872,0,200,110,5,0.0530755738394842
11371872,0,200,115,5,0.0530755738394842
11375672,0,200,50,16,0.987035590289899
11375672,0,200,60,16,0.987035590289899
11375672,0,200,70,16,0.987035590289899
11375672,0,200,55,16,0.987035590289899
11375672,0,200,65,16,0.987035590289899
11375672,0,200,85,16,0.987035590289899
11375672,0,200,100,16,0.987035590289899
11375672,0,200,75,16,0.987035590289899
11375672,0,200,95,16,0.987035590289899
11375672,0,200,80,16,0.987035590289899
11375672,0,200,90,16,0.987035590289899
11375672,0,200,105,16,0.987035590289899
11375672,0,200,120,16,0.987035590289899
11375672,0,200,110,16,0.987035590289899
11375672,0,200,115,16,0.987035590289899
11375815,1,200,50,25,0.156995855663583
11375815,1,200,60,25,0.156995855663583
11375815,1,200,70,25,0.156995855663583
11375815,1,200,55,25,0.156995855663583
11375815,1,200,65,25,0.156995855663583
11375815,1,200,85,25,0.156995855663583
11375815,0,200,100,25,0.156995855663583
11375815,1,200,75,25,0.156995855663583
11375815,0,200,95,25,0.156995855663583
11375815,1,200,80,25,0.156995855663583
11375815,0,200,90,25,0.156995855663583
11375815,0,200,105,25,0.156995855663583
11375815,0,200,120,25,0.156995855663583
11375815,0,200,110,25,0.156995855663583
11375815,0,200,115,25,0.156995855663583
11375907,0,200,50,31,0.987035590289899
11375907,0,200,60,31,0.987035590289899
11375907,0,200,70,31,0.987035590289899
11375907,0,200,55,31,0.987035590289899
11375907,0,200,65,31,0.987035590289899
11375907,0,200,85,31,0.987035590289899
11375907,0,200,100,31,0.987035590289899
11375907,0,200,75,31,0.987035590289899
11375907,0,200,95,31,0.987035590289899
11375907,0,200,80,31,0.987035590289899
11375907,0,200,90,31,0.987035590289899
11375907,0,200,105,31,0.987035590289899
11375907,0,200,120,31,0.987035590289899
11375907,0,200,110,31,0.987035590289899
11375907,0,200,115,31,0.987035590289899
11376009,1,200,50,37,0.184331381317486
11376009,1,200,60,37,0.184331381317486
11376009,0,200,70,37,0.184331381317486
11376009,1,200,55,37,0.184331381317486
11376009,1,200,65,37,0.184331381317486
11376009,1,200,85,37,0.184331381317486
11376009,0,200,100,37,0.184331381317486
11376009,1,200,75,37,0.184331381317486
11376009,1,200,95,37,0.184331381317486
11376009,1,200,80,37,0.184331381317486
11376009,1,200,90,37,0.184331381317486
11376009,0,200,105,37,0.184331381317486
11376009,0,200,120,37,0.184331381317486
11376009,0,200,110,37,0.184331381317486
11376009,0,200,115,37,0.184331381317486
11376027,1,200,50,38,0.223751439720677
11376027,1,200,60,38,0.223751439720677
11376027,1,200,70,38,0.223751439720677
11376027,1,200,55,38,0.223751439720677
11376027,1,200,65,38,0.223751439720677
11376027,1,200,85,38,0.223751439720677
11376027,0,200,100,38,0.223751439720677
11376027,1,200,75,38,0.223751439720677
11376027,0,200,95,38,0.223751439720677
11376027,0,200,80,38,0.223751439720677
11376027,0,200,90,38,0.223751439720677
11376027,0,200,105,38,0.223751439720677
11376027,0,200,120,38,0.223751439720677
11376027,0,200,110,38,0.223751439720677
11376027,0,200,115,38,0.223751439720677
11376230,0,200,50,46,0.987035590289899
11376230,0,200,60,46,0.987035590289899
11376230,0,200,70,46,0.987035590289899
11376230,0,200,55,46,0.987035590289899
11376230,0,200,65,46,0.987035590289899
11376230,0,200,85,46,0.987035590289899
11376230,0,200,100,46,0.987035590289899
11376230,0,200,75,46,0.987035590289899
11376230,0,200,95,46,0.987035590289899
11376230,0,200,80,46,0.987035590289899
11376230,0,200,90,46,0.987035590289899
11376230,0,200,105,46,0.987035590289899
11376230,0,200,120,46,0.987035590289899
11376230,0,200,110,46,0.987035590289899
11376230,0,200,115,46,0.987035590289899
11376357,1,200,50,49,0.395971319993357
11376357,1,200,60,49,0.395971319993357
11376357,0,200,70,49,0.395971319993357
11376357,1,200,55,49,0.395971319993357
11376357,0,200,65,49,0.395971319993357
11376357,0,200,85,49,0.395971319993357
11376357,0,200,100,49,0.395971319993357
11376357,0,200,75,49,0.395971319993357
11376357,0,200,95,49,0.395971319993357
11376357,0,200,80,49,0.395971319993357
11376357,0,200,90,49,0.395971319993357
11376357,0,200,105,49,0.395971319993357
11376357,0,200,120,49,0.395971319993357
11376357,0,200,110,49,0.395971319993357
11376357,0,200,115,49,0.395971319993357
11376583,1,200,50,57,0.395971319993357
11376583,1,200,60,57,0.395971319993357
11376583,0,200,70,57,0.395971319993357
11376583,1,200,55,57,0.395971319993357
11376583,0,200,65,57,0.395971319993357
11376583,0,200,85,57,0.395971319993357
11376583,0,200,100,57,0.395971319993357
11376583,0,200,75,57,0.395971319993357
11376583,0,200,95,57,0.395971319993357
11376583,0,200,80,57,0.395971319993357
11376583,0,200,90,57,0.395971319993357
11376583,0,200,105,57,0.395971319993357
11376583,0,200,120,57,0.395971319993357
11376583,0,200,110,57,0.395971319993357
11376583,0,200,115,57,0.395971319993357
11376647,1,200,50,60,0.156995855663583
11376647,1,200,60,60,0.156995855663583
11376647,1,200,70,60,0.156995855663583
11376647,1,200,55,60,0.156995855663583
11376647,1,200,65,60,0.156995855663583
11376647,1,200,85,60,0.156995855663583
11376647,0,200,100,60,0.156995855663583
11376647,1,200,75,60,0.156995855663583
11376647,0,200,95,60,0.156995855663583
11376647,1,200,80,60,0.156995855663583
11376647,0,200,90,60,0.156995855663583
11376647,0,200,105,60,0.156995855663583
11376647,0,200,120,60,0.156995855663583
11376647,0,200,110,60,0.156995855663583
11376647,0,200,115,60,0.156995855663583
11376830,1,200,50,67,0.0530755738394842
11376830,1,200,60,67,0.0530755738394842
11376830,1,200,70,67,0.0530755738394842
11376830,1,200,55,67,0.0530755738394842
11376830,1,200,65,67,0.0530755738394842
11376830,1,200,85,67,0.0530755738394842
11376830,0,200,100,67,0.0530755738394842
11376830,1,200,75,67,0.0530755738394842
11376830,1,200,95,67,0.0530755738394842
11376830,1,200,80,67,0.0530755738394842
11376830,1,200,90,67,0.0530755738394842
11376830,0,200,105,67,0.0530755738394842
11376830,0,200,120,67,0.0530755738394842
11376830,0,200,110,67,0.0530755738394842
11376830,0,200,115,67,0.0530755738394842
11376994,1,200,50,74,0.223751439720677
11376994,1,200,60,74,0.223751439720677
11376994,1,200,70,74,0.223751439720677
11376994,1,200,55,74,0.223751439720677
11376994,1,200,65,74,0.223751439720677
11376994,1,200,85,74,0.223751439720677
11376994,0,200,100,74,0.223751439720677
11376994,1,200,75,74,0.223751439720677
11376994,0,200,95,74,0.223751439720677
11376994,0,200,80,74,0.223751439720677
11376994,0,200,90,74,0.223751439720677
11376994,0,200,105,74,0.223751439720677
11376994,0,200,120,74,0.223751439720677
11376994,0,200,110,74,0.223751439720677
11376994,0,200,115,74,0.223751439720677
11377283,0,200,50,82,0.987035590289899
11377283,0,200,60,82,0.987035590289899
11377283,0,200,70,82,0.987035590289899
11377283,0,200,55,82,0.987035590289899
11377283,0,200,65,82,0.987035590289899
11377283,0,200,85,82,0.987035590289899
11377283,0,200,100,82,0.987035590289899
11377283,0,200,75,82,0.987035590289899
11377283,0,200,95,82,0.987035590289899
11377283,0,200,80,82,0.987035590289899
11377283,0,200,90,82,0.987035590289899
11377283,0,200,105,82,0.987035590289899
11377283,0,200,120,82,0.987035590289899
11377283,0,200,110,82,0.987035590289899
11377283,0,200,115,82,0.987035590289899
11377326,1,200,50,85,0.0975135845498421
11377326,1,200,60,85,0.0975135845498421
11377326,1,200,70,85,0.0975135845498421
11377326,1,200,55,85,0.0975135845498421
11377326,1,200,65,85,0.0975135845498421
11377326,1,200,85,85,0.0975135845498421
11377326,0,200,100,85,0.0975135845498421
11377326,1,200,75,85,0.0975135845498421
11377326,0,200,95,85,0.0975135845498421
11377326,1,200,80,85,0.0975135845498421
11377326,1,200,90,85,0.0975135845498421
11377326,0,200,105,85,0.0975135845498421
11377326,0,200,120,85,0.0975135845498421
11377326,0,200,110,85,0.0975135845498421
11377326,0,200,115,85,0.0975135845498421
11377560,1,200,50,94,0.395971319993357
11377560,1,200,60,94,0.395971319993357
11377560,0,200,70,94,0.395971319993357
11377560,1,200,55,94,0.395971319993357
11377560,0,200,65,94,0.395971319993357
11377560,0,200,85,94,0.395971319993357
11377560,0,200,100,94,0.395971319993357
11377560,0,200,75,94,0.395971319993357
11377560,0,200,95,94,0.395971319993357
11377560,0,200,80,94,0.395971319993357
11377560,0,200,90,94,0.395971319993357
11377560,0,200,105,94,0.395971319993357
11377560,0,200,120,94,0.395971319993357
11377560,0,200,110,94,0.395971319993357
11377560,0,200,115,94,0.395971319993357
11377743,1,200,50,101,0.505045665228542
11377743,0,200,60,101,0.505045665228542
11377743,0,200,70,101,0.505045665228542
11377743,0,200,55,101,0.505045665228542
11377743,0,200,65,101,0.505045665228542
11377743,0,200,85,101,0.505045665228542
11377743,0,200,100,101,0.505045665228542
11377743,0,200,75,101,0.505045665228542
11377743,0,200,95,101,0.505045665228542
11377743,0,200,80,101,0.505045665228542
11377743,0,200,90,101,0.505045665228542
11377743,0,200,105,101,0.505045665228542
11377743,0,200,120,101,0.505045665228542
11377743,0,200,110,101,0.505045665228542
11377743,0,200,115,101,0.505045665228542
11398332,1,200,50,109,0.261981712954696
11398332,1,200,60,109,0.261981712954696
11398332,1,200,70,109,0.261981712954696
11398332,1,200,55,109,0.261981712954696
11398332,1,200,65,109,0.261981712954696
11398332,0,200,85,109,0.261981712954696
11398332,0,200,100,109,0.261981712954696
11398332,1,200,75,109,0.261981712954696
11398332,0,200,95,109,0.261981712954696
11398332,0,200,80,109,0.261981712954696
11398332,0,200,90,109,0.261981712954696
11398332,0,200,105,109,0.261981712954696
11398332,0,200,120,109,0.261981712954696
11398332,0,200,110,109,0.261981712954696
11398332,0,200,115,109,0.261981712954696
11398344,1,200,50,114,0.261981712954696
11398344,1,200,60,114,0.261981712954696
11398344,1,200,70,114,0.261981712954696
11398344,1,200,55,114,0.261981712954696
11398344,1,200,65,114,0.261981712954696
11398344,0,200,85,114,0.261981712954696
11398344,0,200,100,114,0.261981712954696
11398344,1,200,75,114,0.261981712954696
11398344,0,200,95,114,0.261981712954696
11398344,0,200,80,114,0.261981712954696
11398344,0,200,90,114,0.261981712954696
11398344,0,200,105,114,0.261981712954696
11398344,0,200,120,114,0.261981712954696
11398344,0,200,110,114,0.261981712954696
11398344,0,200,115,114,0.261981712954696
11398331,0,200,50,108,0.987035590289899
11398331,0,200,60,108,0.987035590289899
11398331,0,200,70,108,0.987035590289899
11398331,0,200,55,108,0.987035590289899
11398331,0,200,65,108,0.987035590289899
11398331,0,200,85,108,0.987035590289899
11398331,0,200,100,108,0.987035590289899
11398331,0,200,75,108,0.987035590289899
11398331,0,200,95,108,0.987035590289899
11398331,0,200,80,108,0.987035590289899
11398331,0,200,90,108,0.987035590289899
11398331,0,200,105,108,0.987035590289899
11398331,0,200,120,108,0.987035590289899
11398331,0,200,110,108,0.987035590289899
11398331,0,200,115,108,0.987035590289899
11371842,0,200,50,3,0.723314729054382
11371842,0,200,60,3,0.723314729054382
11371842,0,200,70,3,0.723314729054382
11371842,0,200,55,3,0.723314729054382
11371842,0,200,65,3,0.723314729054382
11371842,0,200,85,3,0.723314729054382
11371842,0,200,100,3,0.723314729054382
11371842,1,200,75,3,0.723314729054382
11371842,1,200,95,3,0.723314729054382
11371842,0,200,80,3,0.723314729054382
11371842,1,200,90,3,0.723314729054382
11371842,1,200,105,3,0.723314729054382
11371842,1,200,120,3,0.723314729054382
11371842,1,200,110,3,0.723314729054382
11371842,1,200,115,3,0.723314729054382
11375529,1,200,50,6,0.308820076415846
11375529,1,200,60,6,0.308820076415846
11375529,1,200,70,6,0.308820076415846
11375529,1,200,55,6,0.308820076415846
11375529,1,200,65,6,0.308820076415846
11375529,0,200,85,6,0.308820076415846
11375529,0,200,100,6,0.308820076415846
11375529,0,200,75,6,0.308820076415846
11375529,0,200,95,6,0.308820076415846
11375529,0,200,80,6,0.308820076415846
11375529,0,200,90,6,0.308820076415846
11375529,0,200,105,6,0.308820076415846
11375529,0,200,120,6,0.308820076415846
11375529,0,200,110,6,0.308820076415846
11375529,0,200,115,6,0.308820076415846
11375583,1,200,50,13,0.0975135845498421
11375583,1,200,60,13,0.0975135845498421
11375583,1,200,70,13,0.0975135845498421
11375583,1,200,55,13,0.0975135845498421
11375583,1,200,65,13,0.0975135845498421
11375583,1,200,85,13,0.0975135845498421
11375583,0,200,100,13,0.0975135845498421
11375583,1,200,75,13,0.0975135845498421
11375583,0,200,95,13,0.0975135845498421
11375583,1,200,80,13,0.0975135845498421
11375583,1,200,90,13,0.0975135845498421
11375583,0,200,105,13,0.0975135845498421
11375583,0,200,120,13,0.0975135845498421
11375583,0,200,110,13,0.0975135845498421
11375583,0,200,115,13,0.0975135845498421
11375685,1,200,50,18,0.417868029011046
11375685,0,200,60,18,0.417868029011046
11375685,0,200,70,18,0.417868029011046
11375685,1,200,55,18,0.417868029011046
11375685,0,200,65,18,0.417868029011046
11375685,0,200,85,18,0.417868029011046
11375685,0,200,100,18,0.417868029011046
11375685,1,200,75,18,0.417868029011046
11375685,0,200,95,18,0.417868029011046
11375685,0,200,80,18,0.417868029011046
11375685,0,200,90,18,0.417868029011046
11375685,0,200,105,18,0.417868029011046
11375685,0,200,120,18,0.417868029011046
11375685,0,200,110,18,0.417868029011046
11375685,0,200,115,18,0.417868029011046
11375721,0,200,50,21,0.987035590289899
11375721,0,200,60,21,0.987035590289899
11375721,0,200,70,21,0.987035590289899
11375721,0,200,55,21,0.987035590289899
11375721,0,200,65,21,0.987035590289899
11375721,0,200,85,21,0.987035590289899
11375721,0,200,100,21,0.987035590289899
11375721,0,200,75,21,0.987035590289899
11375721,0,200,95,21,0.987035590289899
11375721,0,200,80,21,0.987035590289899
11375721,0,200,90,21,0.987035590289899
11375721,0,200,105,21,0.987035590289899
11375721,0,200,120,21,0.987035590289899
11375721,0,200,110,21,0.987035590289899
11375721,0,200,115,21,0.987035590289899
11375889,1,200,50,29,0.0530755738394842
11375889,1,200,60,29,0.0530755738394842
11375889,1,200,70,29,0.0530755738394842
11375889,1,200,55,29,0.0530755738394842
11375889,1,200,65,29,0.0530755738394842
11375889,1,200,85,29,0.0530755738394842
11375889,0,200,100,29,0.0530755738394842
11375889,1,200,75,29,0.0530755738394842
11375889,1,200,95,29,0.0530755738394842
11375889,1,200,80,29,0.0530755738394842
11375889,1,200,90,29,0.0530755738394842
11375889,0,200,105,29,0.0530755738394842
11375889,0,200,120,29,0.0530755738394842
11375889,0,200,110,29,0.0530755738394842
11375889,0,200,115,29,0.0530755738394842
11375966,0,200,50,34,0.987035590289899
11375966,0,200,60,34,0.987035590289899
11375966,0,200,70,34,0.987035590289899
11375966,0,200,55,34,0.987035590289899
11375966,0,200,65,34,0.987035590289899
11375966,0,200,85,34,0.987035590289899
11375966,0,200,100,34,0.987035590289899
11375966,0,200,75,34,0.987035590289899
11375966,0,200,95,34,0.987035590289899
11375966,0,200,80,34,0.987035590289899
11375966,0,200,90,34,0.987035590289899
11375966,0,200,105,34,0.987035590289899
11375966,0,200,120,34,0.987035590289899
11375966,0,200,110,34,0.987035590289899
11375966,0,200,115,34,0.987035590289899
11376225,0,200,50,45,0.987035590289899
11376225,0,200,60,45,0.987035590289899
11376225,0,200,70,45,0.987035590289899
11376225,0,200,55,45,0.987035590289899
11376225,0,200,65,45,0.987035590289899
11376225,0,200,85,45,0.987035590289899
11376225,0,200,100,45,0.987035590289899
11376225,0,200,75,45,0.987035590289899
11376225,0,200,95,45,0.987035590289899
11376225,0,200,80,45,0.987035590289899
11376225,0,200,90,45,0.987035590289899
11376225,0,200,105,45,0.987035590289899
11376225,0,200,120,45,0.987035590289899
11376225,0,200,110,45,0.987035590289899
11376225,0,200,115,45,0.987035590289899
11376521,0,200,50,55,0.987035590289899
11376521,0,200,60,55,0.987035590289899
11376521,0,200,70,55,0.987035590289899
11376521,0,200,55,55,0.987035590289899
11376521,0,200,65,55,0.987035590289899
11376521,0,200,85,55,0.987035590289899
11376521,0,200,100,55,0.987035590289899
11376521,0,200,75,55,0.987035590289899
11376521,0,200,95,55,0.987035590289899
11376521,0,200,80,55,0.987035590289899
11376521,0,200,90,55,0.987035590289899
11376521,0,200,105,55,0.987035590289899
11376521,0,200,120,55,0.987035590289899
11376521,0,200,110,55,0.987035590289899
11376521,0,200,115,55,0.987035590289899
11376635,1,200,50,59,0.261981712954696
11376635,1,200,60,59,0.261981712954696
11376635,1,200,70,59,0.261981712954696
11376635,1,200,55,59,0.261981712954696
11376635,1,200,65,59,0.261981712954696
11376635,0,200,85,59,0.261981712954696
11376635,0,200,100,59,0.261981712954696
11376635,1,200,75,59,0.261981712954696
11376635,0,200,95,59,0.261981712954696
11376635,0,200,80,59,0.261981712954696
11376635,0,200,90,59,0.261981712954696
11376635,0,200,105,59,0.261981712954696
11376635,0,200,120,59,0.261981712954696
11376635,0,200,110,59,0.261981712954696
11376635,0,200,115,59,0.261981712954696
11376667,1,200,50,62,0.261981712954696
11376667,1,200,60,62,0.261981712954696
11376667,1,200,70,62,0.261981712954696
11376667,1,200,55,62,0.261981712954696
11376667,1,200,65,62,0.261981712954696
11376667,0,200,85,62,0.261981712954696
11376667,0,200,100,62,0.261981712954696
11376667,1,200,75,62,0.261981712954696
11376667,0,200,95,62,0.261981712954696
11376667,0,200,80,62,0.261981712954696
11376667,0,200,90,62,0.261981712954696
11376667,0,200,105,62,0.261981712954696
11376667,0,200,120,62,0.261981712954696
11376667,0,200,110,62,0.261981712954696
11376667,0,200,115,62,0.261981712954696
11376914,1,200,50,72,0.0530755738394842
11376914,1,200,60,72,0.0530755738394842
11376914,1,200,70,72,0.0530755738394842
11376914,1,200,55,72,0.0530755738394842
11376914,1,200,65,72,0.0530755738394842
11376914,1,200,85,72,0.0530755738394842
11376914,0,200,100,72,0.0530755738394842
11376914,1,200,75,72,0.0530755738394842
11376914,1,200,95,72,0.0530755738394842
11376914,1,200,80,72,0.0530755738394842
11376914,1,200,90,72,0.0530755738394842
11376914,0,200,105,72,0.0530755738394842
11376914,0,200,120,72,0.0530755738394842
11376914,0,200,110,72,0.0530755738394842
11376914,0,200,115,72,0.0530755738394842
11377065,1,200,50,78,0.441934885321038
11377065,0,200,60,78,0.441934885321038
11377065,0,200,70,78,0.441934885321038
11377065,1,200,55,78,0.441934885321038
11377065,0,200,65,78,0.441934885321038
11377065,0,200,85,78,0.441934885321038
11377065,0,200,100,78,0.441934885321038
11377065,0,200,75,78,0.441934885321038
11377065,0,200,95,78,0.441934885321038
11377065,0,200,80,78,0.441934885321038
11377065,0,200,90,78,0.441934885321038
11377065,0,200,105,78,0.441934885321038
11377065,0,200,120,78,0.441934885321038
11377065,0,200,110,78,0.441934885321038
11377065,0,200,115,78,0.441934885321038
11377307,1,200,50,84,0.282471065264748
11377307,1,200,60,84,0.282471065264748
11377307,0,200,70,84,0.282471065264748
11377307,1,200,55,84,0.282471065264748
11377307,1,200,65,84,0.282471065264748
11377307,0,200,85,84,0.282471065264748
11377307,0,200,100,84,0.282471065264748
11377307,1,200,75,84,0.282471065264748
11377307,0,200,95,84,0.282471065264748
11377307,1,200,80,84,0.282471065264748
11377307,0,200,90,84,0.282471065264748
11377307,0,200,105,84,0.282471065264748
11377307,0,200,120,84,0.282471065264748
11377307,0,200,110,84,0.282471065264748
11377307,0,200,115,84,0.282471065264748
11377380,1,200,50,87,0.282402339648006
11377380,1,200,60,87,0.282402339648006
11377380,1,200,70,87,0.282402339648006
11377380,1,200,55,87,0.282402339648006
11377380,1,200,65,87,0.282402339648006
11377380,1,200,85,87,0.282402339648006
11377380,0,200,100,87,0.282402339648006
11377380,0,200,75,87,0.282402339648006
11377380,0,200,95,87,0.282402339648006
11377380,0,200,80,87,0.282402339648006
11377380,0,200,90,87,0.282402339648006
11377380,0,200,105,87,0.282402339648006
11377380,0,200,120,87,0.282402339648006
11377380,0,200,110,87,0.282402339648006
11377380,0,200,115,87,0.282402339648006
11377565,1,200,50,95,0.352934884171429
11377565,1,200,60,95,0.352934884171429
11377565,0,200,70,95,0.352934884171429
11377565,1,200,55,95,0.352934884171429
11377565,1,200,65,95,0.352934884171429
11377565,0,200,85,95,0.352934884171429
11377565,0,200,100,95,0.352934884171429
11377565,0,200,75,95,0.352934884171429
11377565,0,200,95,95,0.352934884171429
11377565,0,200,80,95,0.352934884171429
11377565,0,200,90,95,0.352934884171429
11377565,0,200,105,95,0.352934884171429
11377565,0,200,120,95,0.352934884171429
11377565,0,200,110,95,0.352934884171429
11377565,0,200,115,95,0.352934884171429
11377775,1,200,50,102,0.0530755738394842
11377775,1,200,60,102,0.0530755738394842
11377775,1,200,70,102,0.0530755738394842
11377775,1,200,55,102,0.0530755738394842
11377775,1,200,65,102,0.0530755738394842
11377775,1,200,85,102,0.0530755738394842
11377775,1,200,100,102,0.0530755738394842
11377775,1,200,75,102,0.0530755738394842
11377775,1,200,95,102,0.0530755738394842
11377775,1,200,80,102,0.0530755738394842
11377775,1,200,90,102,0.0530755738394842
11377775,1,200,105,102,0.0530755738394842
11377775,0,200,120,102,0.0530755738394842
11377775,0,200,110,102,0.0530755738394842
11377775,0,200,115,102,0.0530755738394842
11379574,1,200,50,104,0.156995855663583
11379574,1,200,60,104,0.156995855663583
11379574,1,200,70,104,0.156995855663583
11379574,1,200,55,104,0.156995855663583
11379574,1,200,65,104,0.156995855663583
11379574,1,200,85,104,0.156995855663583
11379574,0,200,100,104,0.156995855663583
11379574,1,200,75,104,0.156995855663583
11379574,0,200,95,104,0.156995855663583
11379574,1,200,80,104,0.156995855663583
11379574,0,200,90,104,0.156995855663583
11379574,0,200,105,104,0.156995855663583
11379574,0,200,120,104,0.156995855663583
11379574,0,200,110,104,0.156995855663583
11379574,0,200,115,104,0.156995855663583
11398328,1,200,50,106,0.352934884171429
11398328,1,200,60,106,0.352934884171429
11398328,0,200,70,106,0.352934884171429
11398328,1,200,55,106,0.352934884171429
11398328,1,200,65,106,0.352934884171429
11398328,0,200,85,106,0.352934884171429
11398328,0,200,100,106,0.352934884171429
11398328,0,200,75,106,0.352934884171429
11398328,0,200,95,106,0.352934884171429
11398328,0,200,80,106,0.352934884171429
11398328,0,200,90,106,0.352934884171429
11398328,0,200,105,106,0.352934884171429
11398328,0,200,120,106,0.352934884171429
11398328,0,200,110,106,0.352934884171429
11398328,0,200,115,106,0.352934884171429
11398625,1,200,50,119,0.352934884171429
11398625,1,200,60,119,0.352934884171429
11398625,0,200,70,119,0.352934884171429
11398625,1,200,55,119,0.352934884171429
11398625,1,200,65,119,0.352934884171429
11398625,0,200,85,119,0.352934884171429
11398625,0,200,100,119,0.352934884171429
11398625,0,200,75,119,0.352934884171429
11398625,0,200,95,119,0.352934884171429
11398625,0,200,80,119,0.352934884171429
11398625,0,200,90,119,0.352934884171429
11398625,0,200,105,119,0.352934884171429
11398625,0,200,120,119,0.352934884171429
11398625,0,200,110,119,0.352934884171429
11398625,0,200,115,119,0.352934884171429
11371844,1,200,50,4,0.395971319993357
11371844,1,200,60,4,0.395971319993357
11371844,0,200,70,4,0.395971319993357
11371844,1,200,55,4,0.395971319993357
11371844,0,200,65,4,0.395971319993357
11371844,0,200,85,4,0.395971319993357
11371844,0,200,100,4,0.395971319993357
11371844,0,200,75,4,0.395971319993357
11371844,0,200,95,4,0.395971319993357
11371844,0,200,80,4,0.395971319993357
11371844,0,200,90,4,0.395971319993357
11371844,0,200,105,4,0.395971319993357
11371844,0,200,120,4,0.395971319993357
11371844,0,200,110,4,0.395971319993357
11371844,0,200,115,4,0.395971319993357
11375531,1,200,50,7,0.352934884171429
11375531,1,200,60,7,0.352934884171429
11375531,0,200,70,7,0.352934884171429
11375531,1,200,55,7,0.352934884171429
11375531,1,200,65,7,0.352934884171429
11375531,0,200,85,7,0.352934884171429
11375531,0,200,100,7,0.352934884171429
11375531,0,200,75,7,0.352934884171429
11375531,0,200,95,7,0.352934884171429
11375531,0,200,80,7,0.352934884171429
11375531,0,200,90,7,0.352934884171429
11375531,0,200,105,7,0.352934884171429
11375531,0,200,120,7,0.352934884171429
11375531,0,200,110,7,0.352934884171429
11375531,0,200,115,7,0.352934884171429
11375534,0,200,50,10,0.987035590289899
11375534,0,200,60,10,0.987035590289899
11375534,0,200,70,10,0.987035590289899
11375534,0,200,55,10,0.987035590289899
11375534,0,200,65,10,0.987035590289899
11375534,0,200,85,10,0.987035590289899
11375534,0,200,100,10,0.987035590289899
11375534,0,200,75,10,0.987035590289899
11375534,0,200,95,10,0.987035590289899
11375534,0,200,80,10,0.987035590289899
11375534,0,200,90,10,0.987035590289899
11375534,0,200,105,10,0.987035590289899
11375534,0,200,120,10,0.987035590289899
11375534,0,200,110,10,0.987035590289899
11375534,0,200,115,10,0.987035590289899
11375676,1,200,50,17,0.156995855663583
11375676,1,200,60,17,0.156995855663583
11375676,1,200,70,17,0.156995855663583
11375676,1,200,55,17,0.156995855663583
11375676,1,200,65,17,0.156995855663583
11375676,1,200,85,17,0.156995855663583
11375676,0,200,100,17,0.156995855663583
11375676,1,200,75,17,0.156995855663583
11375676,0,200,95,17,0.156995855663583
11375676,1,200,80,17,0.156995855663583
11375676,0,200,90,17,0.156995855663583
11375676,0,200,105,17,0.156995855663583
11375676,0,200,120,17,0.156995855663583
11375676,0,200,110,17,0.156995855663583
11375676,0,200,115,17,0.156995855663583
11375785,1,200,50,23,0.352934884171429
11375785,1,200,60,23,0.352934884171429
11375785,0,200,70,23,0.352934884171429
11375785,1,200,55,23,0.352934884171429
11375785,1,200,65,23,0.352934884171429
11375785,0,200,85,23,0.352934884171429
11375785,0,200,100,23,0.352934884171429
11375785,0,200,75,23,0.352934884171429
11375785,0,200,95,23,0.352934884171429
11375785,0,200,80,23,0.352934884171429
11375785,0,200,90,23,0.352934884171429
11375785,0,200,105,23,0.352934884171429
11375785,0,200,120,23,0.352934884171429
11375785,0,200,110,23,0.352934884171429
11375785,0,200,115,23,0.352934884171429
11375846,0,200,50,27,0.987035590289899
11375846,0,200,60,27,0.987035590289899
11375846,0,200,70,27,0.987035590289899
11375846,0,200,55,27,0.987035590289899
11375846,0,200,65,27,0.987035590289899
11375846,0,200,85,27,0.987035590289899
11375846,0,200,100,27,0.987035590289899
11375846,0,200,75,27,0.987035590289899
11375846,0,200,95,27,0.987035590289899
11375846,0,200,80,27,0.987035590289899
11375846,0,200,90,27,0.987035590289899
11375846,0,200,105,27,0.987035590289899
11375846,0,200,120,27,0.987035590289899
11375846,0,200,110,27,0.987035590289899
11375846,0,200,115,27,0.987035590289899
11376071,1,200,50,40,0.395971319993357
11376071,1,200,60,40,0.395971319993357
11376071,0,200,70,40,0.395971319993357
11376071,1,200,55,40,0.395971319993357
11376071,0,200,65,40,0.395971319993357
11376071,0,200,85,40,0.395971319993357
11376071,0,200,100,40,0.395971319993357
11376071,0,200,75,40,0.395971319993357
11376071,0,200,95,40,0.395971319993357
11376071,0,200,80,40,0.395971319993357
11376071,0,200,90,40,0.395971319993357
11376071,0,200,105,40,0.395971319993357
11376071,0,200,120,40,0.395971319993357
11376071,0,200,110,40,0.395971319993357
11376071,0,200,115,40,0.395971319993357
11376164,0,200,50,43,0.987035590289899
11376164,0,200,60,43,0.987035590289899
11376164,0,200,70,43,0.987035590289899
11376164,0,200,55,43,0.987035590289899
11376164,0,200,65,43,0.987035590289899
11376164,0,200,85,43,0.987035590289899
11376164,0,200,100,43,0.987035590289899
11376164,0,200,75,43,0.987035590289899
11376164,0,200,95,43,0.987035590289899
11376164,0,200,80,43,0.987035590289899
11376164,0,200,90,43,0.987035590289899
11376164,0,200,105,43,0.987035590289899
11376164,0,200,120,43,0.987035590289899
11376164,0,200,110,43,0.987035590289899
11376164,0,200,115,43,0.987035590289899
11376033,1,200,50,39,0.261981712954696
11376033,1,200,60,39,0.261981712954696
11376033,1,200,70,39,0.261981712954696
11376033,1,200,55,39,0.261981712954696
11376033,1,200,65,39,0.261981712954696
11376033,0,200,85,39,0.261981712954696
11376033,0,200,100,39,0.261981712954696
11376033,1,200,75,39,0.261981712954696
11376033,0,200,95,39,0.261981712954696
11376033,0,200,80,39,0.261981712954696
11376033,0,200,90,39,0.261981712954696
11376033,0,200,105,39,0.261981712954696
11376033,0,200,120,39,0.261981712954696
11376033,0,200,110,39,0.261981712954696
11376033,0,200,115,39,0.261981712954696
11376459,1,200,50,53,0.352934884171429
11376459,1,200,60,53,0.352934884171429
11376459,0,200,70,53,0.352934884171429
11376459,1,200,55,53,0.352934884171429
11376459,1,200,65,53,0.352934884171429
11376459,0,200,85,53,0.352934884171429
11376459,0,200,100,53,0.352934884171429
11376459,0,200,75,53,0.352934884171429
11376459,0,200,95,53,0.352934884171429
11376459,0,200,80,53,0.352934884171429
11376459,0,200,90,53,0.352934884171429
11376459,0,200,105,53,0.352934884171429
11376459,0,200,120,53,0.352934884171429
11376459,0,200,110,53,0.352934884171429
11376459,0,200,115,53,0.352934884171429
11376629,1,200,50,58,0.317631828985066
11376629,1,200,60,58,0.317631828985066
11376629,0,200,70,58,0.317631828985066
11376629,1,200,55,58,0.317631828985066
11376629,1,200,65,58,0.317631828985066
11376629,0,200,85,58,0.317631828985066
11376629,0,200,100,58,0.317631828985066
11376629,1,200,75,58,0.317631828985066
11376629,0,200,95,58,0.317631828985066
11376629,0,200,80,58,0.317631828985066
11376629,0,200,90,58,0.317631828985066
11376629,0,200,105,58,0.317631828985066
11376629,0,200,120,58,0.317631828985066
11376629,0,200,110,58,0.317631828985066
11376629,0,200,115,58,0.317631828985066
11376760,1,200,50,65,0.352934884171429
11376760,1,200,60,65,0.352934884171429
11376760,0,200,70,65,0.352934884171429
11376760,1,200,55,65,0.352934884171429
11376760,1,200,65,65,0.352934884171429
11376760,0,200,85,65,0.352934884171429
11376760,0,200,100,65,0.352934884171429
11376760,0,200,75,65,0.352934884171429
11376760,0,200,95,65,0.352934884171429
11376760,0,200,80,65,0.352934884171429
11376760,0,200,90,65,0.352934884171429
11376760,0,200,105,65,0.352934884171429
11376760,0,200,120,65,0.352934884171429
11376760,0,200,110,65,0.352934884171429
11376760,0,200,115,65,0.352934884171429
11376894,0,200,50,70,0.987035590289899
11376894,0,200,60,70,0.987035590289899
11376894,0,200,70,70,0.987035590289899
11376894,0,200,55,70,0.987035590289899
11376894,0,200,65,70,0.987035590289899
11376894,0,200,85,70,0.987035590289899
11376894,0,200,100,70,0.987035590289899
11376894,0,200,75,70,0.987035590289899
11376894,0,200,95,70,0.987035590289899
11376894,0,200,80,70,0.987035590289899
11376894,0,200,90,70,0.987035590289899
11376894,0,200,105,70,0.987035590289899
11376894,0,200,120,70,0.987035590289899
11376894,0,200,110,70,0.987035590289899
11376894,0,200,115,70,0.987035590289899
11377038,1,200,50,75,0.156995855663583
11377038,1,200,60,75,0.156995855663583
11377038,1,200,70,75,0.156995855663583
11377038,1,200,55,75,0.156995855663583
11377038,1,200,65,75,0.156995855663583
11377038,1,200,85,75,0.156995855663583
11377038,0,200,100,75,0.156995855663583
11377038,1,200,75,75,0.156995855663583
11377038,0,200,95,75,0.156995855663583
11377038,1,200,80,75,0.156995855663583
11377038,0,200,90,75,0.156995855663583
11377038,0,200,105,75,0.156995855663583
11377038,0,200,120,75,0.156995855663583
11377038,0,200,110,75,0.156995855663583
11377038,0,200,115,75,0.156995855663583
11377146,1,200,50,79,0.425662162386854
11377146,1,200,60,79,0.425662162386854
11377146,0,200,70,79,0.425662162386854
11377146,0,200,55,79,0.425662162386854
11377146,0,200,65,79,0.425662162386854
11377146,0,200,85,79,0.425662162386854
11377146,0,200,100,79,0.425662162386854
11377146,1,200,75,79,0.425662162386854
11377146,0,200,95,79,0.425662162386854
11377146,0,200,80,79,0.425662162386854
11377146,0,200,90,79,0.425662162386854
11377146,0,200,105,79,0.425662162386854
11377146,0,200,120,79,0.425662162386854
11377146,0,200,110,79,0.425662162386854
11377146,0,200,115,79,0.425662162386854
11377344,1,200,50,86,0.352934884171429
11377344,1,200,60,86,0.352934884171429
11377344,0,200,70,86,0.352934884171429
11377344,1,200,55,86,0.352934884171429
11377344,1,200,65,86,0.352934884171429
11377344,0,200,85,86,0.352934884171429
11377344,0,200,100,86,0.352934884171429
11377344,0,200,75,86,0.352934884171429
11377344,0,200,95,86,0.352934884171429
11377344,0,200,80,86,0.352934884171429
11377344,0,200,90,86,0.352934884171429
11377344,0,200,105,86,0.352934884171429
11377344,0,200,120,86,0.352934884171429
11377344,0,200,110,86,0.352934884171429
11377344,0,200,115,86,0.352934884171429
11377487,1,200,50,92,0.308820076415846
11377487,1,200,60,92,0.308820076415846
11377487,1,200,70,92,0.308820076415846
11377487,1,200,55,92,0.308820076415846
11377487,1,200,65,92,0.308820076415846
11377487,0,200,85,92,0.308820076415846
11377487,0,200,100,92,0.308820076415846
11377487,0,200,75,92,0.308820076415846
11377487,0,200,95,92,0.308820076415846
11377487,0,200,80,92,0.308820076415846
11377487,0,200,90,92,0.308820076415846
11377487,0,200,105,92,0.308820076415846
11377487,0,200,120,92,0.308820076415846
11377487,0,200,110,92,0.308820076415846
11377487,0,200,115,92,0.308820076415846
11377722,1,200,50,100,0.352934884171429
11377722,1,200,60,100,0.352934884171429
11377722,0,200,70,100,0.352934884171429
11377722,1,200,55,100,0.352934884171429
11377722,1,200,65,100,0.352934884171429
11377722,0,200,85,100,0.352934884171429
11377722,0,200,100,100,0.352934884171429
11377722,0,200,75,100,0.352934884171429
11377722,0,200,95,100,0.352934884171429
11377722,0,200,80,100,0.352934884171429
11377722,0,200,90,100,0.352934884171429
11377722,0,200,105,100,0.352934884171429
11377722,0,200,120,100,0.352934884171429
11377722,0,200,110,100,0.352934884171429
11377722,0,200,115,100,0.352934884171429
11377895,0,200,50,103,0.987035590289899
11377895,0,200,60,103,0.987035590289899
11377895,0,200,70,103,0.987035590289899
11377895,0,200,55,103,0.987035590289899
11377895,0,200,65,103,0.987035590289899
11377895,0,200,85,103,0.987035590289899
11377895,0,200,100,103,0.987035590289899
11377895,0,200,75,103,0.987035590289899
11377895,0,200,95,103,0.987035590289899
11377895,0,200,80,103,0.987035590289899
11377895,0,200,90,103,0.987035590289899
11377895,0,200,105,103,0.987035590289899
11377895,0,200,120,103,0.987035590289899
11377895,0,200,110,103,0.987035590289899
11377895,0,200,115,103,0.987035590289899
11398335,1,200,50,112,0.441934885321038
11398335,0,200,60,112,0.441934885321038
11398335,0,200,70,112,0.441934885321038
11398335,1,200,55,112,0.441934885321038
11398335,0,200,65,112,0.441934885321038
11398335,0,200,85,112,0.441934885321038
11398335,0,200,100,112,0.441934885321038
11398335,0,200,75,112,0.441934885321038
11398335,0,200,95,112,0.441934885321038
11398335,0,200,80,112,0.441934885321038
11398335,0,200,90,112,0.441934885321038
11398335,0,200,105,112,0.441934885321038
11398335,0,200,120,112,0.441934885321038
11398335,0,200,110,112,0.441934885321038
11398335,0,200,115,112,0.441934885321038
11398741,1,200,50,120,0.308820076415846
11398741,1,200,60,120,0.308820076415846
11398741,1,200,70,120,0.308820076415846
11398741,1,200,55,120,0.308820076415846
11398741,1,200,65,120,0.308820076415846
11398741,0,200,85,120,0.308820076415846
11398741,0,200,100,120,0.308820076415846
11398741,0,200,75,120,0.308820076415846
11398741,0,200,95,120,0.308820076415846
11398741,0,200,80,120,0.308820076415846
11398741,0,200,90,120,0.308820076415846
11398741,0,200,105,120,0.308820076415846
11398741,0,200,120,120,0.308820076415846
11398741,0,200,110,120,0.308820076415846
11398741,0,200,115,120,0.308820076415846
11371805,1,200,50,1,0.352934884171429
11371805,1,200,60,1,0.352934884171429
11371805,0,200,70,1,0.352934884171429
11371805,1,200,55,1,0.352934884171429
11371805,1,200,65,1,0.352934884171429
11371805,0,200,85,1,0.352934884171429
11371805,0,200,100,1,0.352934884171429
11371805,0,200,75,1,0.352934884171429
11371805,0,200,95,1,0.352934884171429
11371805,0,200,80,1,0.352934884171429
11371805,0,200,90,1,0.352934884171429
11371805,0,200,105,1,0.352934884171429
11371805,0,200,120,1,0.352934884171429
11371805,0,200,110,1,0.352934884171429
11371805,0,200,115,1,0.352934884171429
11375533,1,200,50,9,0.156995855663583
11375533,1,200,60,9,0.156995855663583
11375533,1,200,70,9,0.156995855663583
11375533,1,200,55,9,0.156995855663583
11375533,1,200,65,9,0.156995855663583
11375533,1,200,85,9,0.156995855663583
11375533,0,200,100,9,0.156995855663583
11375533,1,200,75,9,0.156995855663583
11375533,0,200,95,9,0.156995855663583
11375533,1,200,80,9,0.156995855663583
11375533,0,200,90,9,0.156995855663583
11375533,0,200,105,9,0.156995855663583
11375533,0,200,120,9,0.156995855663583
11375533,0,200,110,9,0.156995855663583
11375533,0,200,115,9,0.156995855663583
11375537,1,200,50,11,0.156995855663583
11375537,1,200,60,11,0.156995855663583
11375537,1,200,70,11,0.156995855663583
11375537,1,200,55,11,0.156995855663583
11375537,1,200,65,11,0.156995855663583
11375537,1,200,85,11,0.156995855663583
11375537,0,200,100,11,0.156995855663583
11375537,1,200,75,11,0.156995855663583
11375537,0,200,95,11,0.156995855663583
11375537,1,200,80,11,0.156995855663583
11375537,0,200,90,11,0.156995855663583
11375537,0,200,105,11,0.156995855663583
11375537,0,200,120,11,0.156995855663583
11375537,0,200,110,11,0.156995855663583
11375537,0,200,115,11,0.156995855663583
11375695,1,200,50,19,0.261981712954696
11375695,1,200,60,19,0.261981712954696
11375695,1,200,70,19,0.261981712954696
11375695,1,200,55,19,0.261981712954696
11375695,1,200,65,19,0.261981712954696
11375695,0,200,85,19,0.261981712954696
11375695,0,200,100,19,0.261981712954696
11375695,1,200,75,19,0.261981712954696
11375695,0,200,95,19,0.261981712954696
11375695,0,200,80,19,0.261981712954696
11375695,0,200,90,19,0.261981712954696
11375695,0,200,105,19,0.261981712954696
11375695,0,200,120,19,0.261981712954696
11375695,0,200,110,19,0.261981712954696
11375695,0,200,115,19,0.261981712954696
11375840,0,200,50,26,0.987035590289899
11375840,0,200,60,26,0.987035590289899
11375840,0,200,70,26,0.987035590289899
11375840,0,200,55,26,0.987035590289899
11375840,0,200,65,26,0.987035590289899
11375840,0,200,85,26,0.987035590289899
11375840,0,200,100,26,0.987035590289899
11375840,0,200,75,26,0.987035590289899
11375840,0,200,95,26,0.987035590289899
11375840,0,200,80,26,0.987035590289899
11375840,0,200,90,26,0.987035590289899
11375840,0,200,105,26,0.987035590289899
11375840,0,200,120,26,0.987035590289899
11375840,0,200,110,26,0.987035590289899
11375840,0,200,115,26,0.987035590289899
11375929,0,200,50,32,0.987035590289899
11375929,0,200,60,32,0.987035590289899
11375929,0,200,70,32,0.987035590289899
11375929,0,200,55,32,0.987035590289899
11375929,0,200,65,32,0.987035590289899
11375929,0,200,85,32,0.987035590289899
11375929,0,200,100,32,0.987035590289899
11375929,0,200,75,32,0.987035590289899
11375929,0,200,95,32,0.987035590289899
11375929,0,200,80,32,0.987035590289899
11375929,0,200,90,32,0.987035590289899
11375929,0,200,105,32,0.987035590289899
11375929,0,200,120,32,0.987035590289899
11375929,0,200,110,32,0.987035590289899
11375929,0,200,115,32,0.987035590289899
11376000,0,200,50,35,0.987035590289899
11376000,0,200,60,35,0.987035590289899
11376000,0,200,70,35,0.987035590289899
11376000,0,200,55,35,0.987035590289899
11376000,0,200,65,35,0.987035590289899
11376000,0,200,85,35,0.987035590289899
11376000,0,200,100,35,0.987035590289899
11376000,0,200,75,35,0.987035590289899
11376000,0,200,95,35,0.987035590289899
11376000,0,200,80,35,0.987035590289899
11376000,0,200,90,35,0.987035590289899
11376000,0,200,105,35,0.987035590289899
11376000,0,200,120,35,0.987035590289899
11376000,0,200,110,35,0.987035590289899
11376000,0,200,115,35,0.987035590289899
11376158,0,200,50,41,0.987035590289899
11376158,0,200,60,41,0.987035590289899
11376158,0,200,70,41,0.987035590289899
11376158,0,200,55,41,0.987035590289899
11376158,0,200,65,41,0.987035590289899
11376158,0,200,85,41,0.987035590289899
11376158,0,200,100,41,0.987035590289899
11376158,0,200,75,41,0.987035590289899
11376158,0,200,95,41,0.987035590289899
11376158,0,200,80,41,0.987035590289899
11376158,0,200,90,41,0.987035590289899
11376158,0,200,105,41,0.987035590289899
11376158,0,200,120,41,0.987035590289899
11376158,0,200,110,41,0.987035590289899
11376158,0,200,115,41,0.987035590289899
11376173,1,200,50,44,0.0530755738394842
11376173,1,200,60,44,0.0530755738394842
11376173,1,200,70,44,0.0530755738394842
11376173,1,200,55,44,0.0530755738394842
11376173,1,200,65,44,0.0530755738394842
11376173,1,200,85,44,0.0530755738394842
11376173,1,200,100,44,0.0530755738394842
11376173,1,200,75,44,0.0530755738394842
11376173,1,200,95,44,0.0530755738394842
11376173,1,200,80,44,0.0530755738394842
11376173,1,200,90,44,0.0530755738394842
11376173,1,200,105,44,0.0530755738394842
11376173,1,200,120,44,0.0530755738394842
11376173,1,200,110,44,0.0530755738394842
11376173,1,200,115,44,0.0530755738394842
11376370,1,200,50,51,0.449998765659407
11376370,1,200,60,51,0.449998765659407
11376370,0,200,70,51,0.449998765659407
11376370,0,200,55,51,0.449998765659407
11376370,0,200,65,51,0.449998765659407
11376370,0,200,85,51,0.449998765659407
11376370,0,200,100,51,0.449998765659407
11376370,0,200,75,51,0.449998765659407
11376370,0,200,95,51,0.449998765659407
11376370,0,200,80,51,0.449998765659407
11376370,0,200,90,51,0.449998765659407
11376370,0,200,105,51,0.449998765659407
11376370,0,200,120,51,0.449998765659407
11376370,0,200,110,51,0.449998765659407
11376370,0,200,115,51,0.449998765659407
11376488,1,200,50,54,0.0530755738394842
11376488,1,200,60,54,0.0530755738394842
11376488,1,200,70,54,0.0530755738394842
11376488,1,200,55,54,0.0530755738394842
11376488,1,200,65,54,0.0530755738394842
11376488,1,200,85,54,0.0530755738394842
11376488,1,200,100,54,0.0530755738394842
11376488,1,200,75,54,0.0530755738394842
11376488,1,200,95,54,0.0530755738394842
11376488,1,200,80,54,0.0530755738394842
11376488,1,200,90,54,0.0530755738394842
11376488,0,200,105,54,0.0530755738394842
11376488,0,200,120,54,0.0530755738394842
11376488,0,200,110,54,0.0530755738394842
11376488,0,200,115,54,0.0530755738394842
11376715,0,200,50,64,0.987035590289899
11376715,0,200,60,64,0.987035590289899
11376715,0,200,70,64,0.987035590289899
11376715,0,200,55,64,0.987035590289899
11376715,0,200,65,64,0.987035590289899
11376715,0,200,85,64,0.987035590289899
11376715,0,200,100,64,0.987035590289899
11376715,0,200,75,64,0.987035590289899
11376715,0,200,95,64,0.987035590289899
11376715,0,200,80,64,0.987035590289899
11376715,0,200,90,64,0.987035590289899
11376715,0,200,105,64,0.987035590289899
11376715,0,200,120,64,0.987035590289899
11376715,0,200,110,64,0.987035590289899
11376715,0,200,115,64,0.987035590289899
11376853,1,200,50,68,0.352934884171429
11376853,1,200,60,68,0.352934884171429
11376853,0,200,70,68,0.352934884171429
11376853,1,200,55,68,0.352934884171429
11376853,1,200,65,68,0.352934884171429
11376853,0,200,85,68,0.352934884171429
11376853,0,200,100,68,0.352934884171429
11376853,0,200,75,68,0.352934884171429
11376853,0,200,95,68,0.352934884171429
11376853,0,200,80,68,0.352934884171429
11376853,0,200,90,68,0.352934884171429
11376853,0,200,105,68,0.352934884171429
11376853,0,200,120,68,0.352934884171429
11376853,0,200,110,68,0.352934884171429
11376853,0,200,115,68,0.352934884171429
11377058,1,200,50,76,0.0530755738394842
11377058,1,200,60,76,0.0530755738394842
11377058,1,200,70,76,0.0530755738394842
11377058,1,200,55,76,0.0530755738394842
11377058,1,200,65,76,0.0530755738394842
11377058,1,200,85,76,0.0530755738394842
11377058,0,200,100,76,0.0530755738394842
11377058,1,200,75,76,0.0530755738394842
11377058,1,200,95,76,0.0530755738394842
11377058,1,200,80,76,0.0530755738394842
11377058,1,200,90,76,0.0530755738394842
11377058,0,200,105,76,0.0530755738394842
11377058,0,200,120,76,0.0530755738394842
11377058,0,200,110,76,0.0530755738394842
11377058,0,200,115,76,0.0530755738394842
11377249,1,200,50,81,0.441934885321038
11377249,0,200,60,81,0.441934885321038
11377249,0,200,70,81,0.441934885321038
11377249,1,200,55,81,0.441934885321038
11377249,0,200,65,81,0.441934885321038
11377249,0,200,85,81,0.441934885321038
11377249,0,200,100,81,0.441934885321038
11377249,0,200,75,81,0.441934885321038
11377249,0,200,95,81,0.441934885321038
11377249,0,200,80,81,0.441934885321038
11377249,0,200,90,81,0.441934885321038
11377249,0,200,105,81,0.441934885321038
11377249,0,200,120,81,0.441934885321038
11377249,0,200,110,81,0.441934885321038
11377249,0,200,115,81,0.441934885321038
11377442,1,200,50,88,0.352934884171429
11377442,1,200,60,88,0.352934884171429
11377442,0,200,70,88,0.352934884171429
11377442,1,200,55,88,0.352934884171429
11377442,1,200,65,88,0.352934884171429
11377442,0,200,85,88,0.352934884171429
11377442,0,200,100,88,0.352934884171429
11377442,0,200,75,88,0.352934884171429
11377442,0,200,95,88,0.352934884171429
11377442,0,200,80,88,0.352934884171429
11377442,0,200,90,88,0.352934884171429
11377442,0,200,105,88,0.352934884171429
11377442,0,200,120,88,0.352934884171429
11377442,0,200,110,88,0.352934884171429
11377442,0,200,115,88,0.352934884171429
11377647,0,200,50,97,0.987035590289899
11377647,0,200,60,97,0.987035590289899
11377647,0,200,70,97,0.987035590289899
11377647,0,200,55,97,0.987035590289899
11377647,0,200,65,97,0.987035590289899
11377647,0,200,85,97,0.987035590289899
11377647,0,200,100,97,0.987035590289899
11377647,0,200,75,97,0.987035590289899
11377647,0,200,95,97,0.987035590289899
11377647,0,200,80,97,0.987035590289899
11377647,0,200,90,97,0.987035590289899
11377647,0,200,105,97,0.987035590289899
11377647,0,200,120,97,0.987035590289899
11377647,0,200,110,97,0.987035590289899
11377647,0,200,115,97,0.987035590289899
11377630,1,200,50,96,0.352934884171429
11377630,1,200,60,96,0.352934884171429
11377630,0,200,70,96,0.352934884171429
11377630,1,200,55,96,0.352934884171429
11377630,1,200,65,96,0.352934884171429
11377630,0,200,85,96,0.352934884171429
11377630,0,200,100,96,0.352934884171429
11377630,0,200,75,96,0.352934884171429
11377630,0,200,95,96,0.352934884171429
11377630,0,200,80,96,0.352934884171429
11377630,0,200,90,96,0.352934884171429
11377630,0,200,105,96,0.352934884171429
11377630,0,200,120,96,0.352934884171429
11377630,0,200,110,96,0.352934884171429
11377630,0,200,115,96,0.352934884171429
11379578,0,200,50,105,0.987035590289899
11379578,0,200,60,105,0.987035590289899
11379578,0,200,70,105,0.987035590289899
11379578,0,200,55,105,0.987035590289899
11379578,0,200,65,105,0.987035590289899
11379578,0,200,85,105,0.987035590289899
11379578,0,200,100,105,0.987035590289899
11379578,0,200,75,105,0.987035590289899
11379578,0,200,95,105,0.987035590289899
11379578,0,200,80,105,0.987035590289899
11379578,0,200,90,105,0.987035590289899
11379578,0,200,105,105,0.987035590289899
11379578,0,200,120,105,0.987035590289899
11379578,0,200,110,105,0.987035590289899
11379578,0,200,115,105,0.987035590289899
11398341,1,200,50,113,0.207029227105608
11398341,1,200,60,113,0.207029227105608
11398341,0,200,70,113,0.207029227105608
11398341,1,200,55,113,0.207029227105608
11398341,1,200,65,113,0.207029227105608
11398341,1,200,85,113,0.207029227105608
11398341,0,200,100,113,0.207029227105608
11398341,1,200,75,113,0.207029227105608
11398341,1,200,95,113,0.207029227105608
11398341,1,200,80,113,0.207029227105608
11398341,1,200,90,113,0.207029227105608
11398341,1,200,105,113,0.207029227105608
11398341,0,200,120,113,0.207029227105608
11398341,1,200,110,113,0.207029227105608
11398341,0,200,115,113,0.207029227105608
11398605,0,200,50,117,0.987035590289899
11398605,0,200,60,117,0.987035590289899
11398605,0,200,70,117,0.987035590289899
11398605,0,200,55,117,0.987035590289899
11398605,0,200,65,117,0.987035590289899
11398605,0,200,85,117,0.987035590289899
11398605,0,200,100,117,0.987035590289899
11398605,0,200,75,117,0.987035590289899
11398605,0,200,95,117,0.987035590289899
11398605,0,200,80,117,0.987035590289899
11398605,0,200,90,117,0.987035590289899
11398605,0,200,105,117,0.987035590289899
11398605,0,200,120,117,0.987035590289899
11398605,0,200,110,117,0.987035590289899
11398605,0,200,115,117,0.987035590289899
11375532,0,200,50,8,0.987035590289899
11375532,0,200,60,8,0.987035590289899
11375532,0,200,70,8,0.987035590289899
11375532,0,200,55,8,0.987035590289899
11375532,0,200,65,8,0.987035590289899
11375532,0,200,85,8,0.987035590289899
11375532,0,200,100,8,0.987035590289899
11375532,0,200,75,8,0.987035590289899
11375532,0,200,95,8,0.987035590289899
11375532,0,200,80,8,0.987035590289899
11375532,0,200,90,8,0.987035590289899
11375532,0,200,105,8,0.987035590289899
11375532,0,200,120,8,0.987035590289899
11375532,0,200,110,8,0.987035590289899
11375532,0,200,115,8,0.987035590289899
11375644,0,200,50,14,0.987035590289899
11375644,0,200,60,14,0.987035590289899
11375644,0,200,70,14,0.987035590289899
11375644,0,200,55,14,0.987035590289899
11375644,0,200,65,14,0.987035590289899
11375644,0,200,85,14,0.987035590289899
11375644,0,200,100,14,0.987035590289899
11375644,0,200,75,14,0.987035590289899
11375644,0,200,95,14,0.987035590289899
11375644,0,200,80,14,0.987035590289899
11375644,0,200,90,14,0.987035590289899
11375644,0,200,105,14,0.987035590289899
11375644,0,200,120,14,0.987035590289899
11375644,0,200,110,14,0.987035590289899
11375644,0,200,115,14,0.987035590289899
11375648,1,200,50,15,0.352934884171429
11375648,1,200,60,15,0.352934884171429
11375648,0,200,70,15,0.352934884171429
11375648,1,200,55,15,0.352934884171429
11375648,1,200,65,15,0.352934884171429
11375648,0,200,85,15,0.352934884171429
11375648,0,200,100,15,0.352934884171429
11375648,0,200,75,15,0.352934884171429
11375648,0,200,95,15,0.352934884171429
11375648,0,200,80,15,0.352934884171429
11375648,0,200,90,15,0.352934884171429
11375648,0,200,105,15,0.352934884171429
11375648,0,200,120,15,0.352934884171429
11375648,0,200,110,15,0.352934884171429
11375648,0,200,115,15,0.352934884171429
11375787,1,200,50,24,0.156995855663583
11375787,1,200,60,24,0.156995855663583
11375787,1,200,70,24,0.156995855663583
11375787,1,200,55,24,0.156995855663583
11375787,1,200,65,24,0.156995855663583
11375787,1,200,85,24,0.156995855663583
11375787,0,200,100,24,0.156995855663583
11375787,1,200,75,24,0.156995855663583
11375787,0,200,95,24,0.156995855663583
11375787,1,200,80,24,0.156995855663583
11375787,0,200,90,24,0.156995855663583
11375787,0,200,105,24,0.156995855663583
11375787,0,200,120,24,0.156995855663583
11375787,0,200,110,24,0.156995855663583
11375787,0,200,115,24,0.156995855663583
11375902,0,200,50,30,0.987035590289899
11375902,0,200,60,30,0.987035590289899
11375902,0,200,70,30,0.987035590289899
11375902,0,200,55,30,0.987035590289899
11375902,0,200,65,30,0.987035590289899
11375902,0,200,85,30,0.987035590289899
11375902,0,200,100,30,0.987035590289899
11375902,0,200,75,30,0.987035590289899
11375902,0,200,95,30,0.987035590289899
11375902,0,200,80,30,0.987035590289899
11375902,0,200,90,30,0.987035590289899
11375902,0,200,105,30,0.987035590289899
11375902,0,200,120,30,0.987035590289899
11375902,0,200,110,30,0.987035590289899
11375902,0,200,115,30,0.987035590289899
11375935,0,200,50,33,0.536559068807258
11375935,1,200,60,33,0.536559068807258
11375935,0,200,70,33,0.536559068807258
11375935,0,200,55,33,0.536559068807258
11375935,0,200,65,33,0.536559068807258
11375935,0,200,85,33,0.536559068807258
11375935,0,200,100,33,0.536559068807258
11375935,0,200,75,33,0.536559068807258
11375935,0,200,95,33,0.536559068807258
11375935,0,200,80,33,0.536559068807258
11375935,0,200,90,33,0.536559068807258
11375935,0,200,105,33,0.536559068807258
11375935,0,200,120,33,0.536559068807258
11375935,0,200,110,33,0.536559068807258
11375935,0,200,115,33,0.536559068807258
11376160,1,200,50,42,0.352934884171429
11376160,1,200,60,42,0.352934884171429
11376160,0,200,70,42,0.352934884171429
11376160,1,200,55,42,0.352934884171429
11376160,1,200,65,42,0.352934884171429
11376160,0,200,85,42,0.352934884171429
11376160,0,200,100,42,0.352934884171429
11376160,0,200,75,42,0.352934884171429
11376160,0,200,95,42,0.352934884171429
11376160,0,200,80,42,0.352934884171429
11376160,0,200,90,42,0.352934884171429
11376160,0,200,105,42,0.352934884171429
11376160,0,200,120,42,0.352934884171429
11376160,0,200,110,42,0.352934884171429
11376160,0,200,115,42,0.352934884171429
11376375,1,200,50,52,0.0530755738394842
11376375,1,200,60,52,0.0530755738394842
11376375,1,200,70,52,0.0530755738394842
11376375,1,200,55,52,0.0530755738394842
11376375,1,200,65,52,0.0530755738394842
11376375,1,200,85,52,0.0530755738394842
11376375,0,200,100,52,0.0530755738394842
11376375,1,200,75,52,0.0530755738394842
11376375,1,200,95,52,0.0530755738394842
11376375,1,200,80,52,0.0530755738394842
11376375,1,200,90,52,0.0530755738394842
11376375,0,200,105,52,0.0530755738394842
11376375,0,200,120,52,0.0530755738394842
11376375,0,200,110,52,0.0530755738394842
11376375,0,200,115,52,0.0530755738394842
11376296,1,200,50,47,0.0530755738394842
11376296,1,200,60,47,0.0530755738394842
11376296,1,200,70,47,0.0530755738394842
11376296,1,200,55,47,0.0530755738394842
11376296,1,200,65,47,0.0530755738394842
11376296,1,200,85,47,0.0530755738394842
11376296,0,200,100,47,0.0530755738394842
11376296,1,200,75,47,0.0530755738394842
11376296,1,200,95,47,0.0530755738394842
11376296,1,200,80,47,0.0530755738394842
11376296,1,200,90,47,0.0530755738394842
11376296,0,200,105,47,0.0530755738394842
11376296,0,200,120,47,0.0530755738394842
11376296,0,200,110,47,0.0530755738394842
11376296,0,200,115,47,0.0530755738394842
11376666,1,200,50,61,0.317631828985066
11376666,1,200,60,61,0.317631828985066
11376666,0,200,70,61,0.317631828985066
11376666,1,200,55,61,0.317631828985066
11376666,1,200,65,61,0.317631828985066
11376666,0,200,85,61,0.317631828985066
11376666,0,200,100,61,0.317631828985066
11376666,1,200,75,61,0.317631828985066
11376666,0,200,95,61,0.317631828985066
11376666,0,200,80,61,0.317631828985066
11376666,0,200,90,61,0.317631828985066
11376666,0,200,105,61,0.317631828985066
11376666,0,200,120,61,0.317631828985066
11376666,0,200,110,61,0.317631828985066
11376666,0,200,115,61,0.317631828985066
11376807,1,200,50,66,0.505045665228542
11376807,0,200,60,66,0.505045665228542
11376807,0,200,70,66,0.505045665228542
11376807,0,200,55,66,0.505045665228542
11376807,0,200,65,66,0.505045665228542
11376807,0,200,85,66,0.505045665228542
11376807,0,200,100,66,0.505045665228542
11376807,0,200,75,66,0.505045665228542
11376807,0,200,95,66,0.505045665228542
11376807,0,200,80,66,0.505045665228542
11376807,0,200,90,66,0.505045665228542
11376807,0,200,105,66,0.505045665228542
11376807,0,200,120,66,0.505045665228542
11376807,0,200,110,66,0.505045665228542
11376807,0,200,115,66,0.505045665228542
11376903,0,200,50,71,0.987035590289899
11376903,0,200,60,71,0.987035590289899
11376903,0,200,70,71,0.987035590289899
11376903,0,200,55,71,0.987035590289899
11376903,0,200,65,71,0.987035590289899
11376903,0,200,85,71,0.987035590289899
11376903,0,200,100,71,0.987035590289899
11376903,0,200,75,71,0.987035590289899
11376903,0,200,95,71,0.987035590289899
11376903,0,200,80,71,0.987035590289899
11376903,0,200,90,71,0.987035590289899
11376903,0,200,105,71,0.987035590289899
11376903,0,200,120,71,0.987035590289899
11376903,0,200,110,71,0.987035590289899
11376903,0,200,115,71,0.987035590289899
11376932,1,200,50,73,0.261981712954696
11376932,1,200,60,73,0.261981712954696
11376932,1,200,70,73,0.261981712954696
11376932,1,200,55,73,0.261981712954696
11376932,1,200,65,73,0.261981712954696
11376932,0,200,85,73,0.261981712954696
11376932,0,200,100,73,0.261981712954696
11376932,1,200,75,73,0.261981712954696
11376932,0,200,95,73,0.261981712954696
11376932,0,200,80,73,0.261981712954696
11376932,0,200,90,73,0.261981712954696
11376932,0,200,105,73,0.261981712954696
11376932,0,200,120,73,0.261981712954696
11376932,0,200,110,73,0.261981712954696
11376932,0,200,115,73,0.261981712954696
11377190,1,200,50,80,0.368497346216613
11377190,0,200,60,80,0.368497346216613
11377190,1,200,70,80,0.368497346216613
11377190,1,200,55,80,0.368497346216613
11377190,1,200,65,80,0.368497346216613
11377190,0,200,85,80,0.368497346216613
11377190,0,200,100,80,0.368497346216613
11377190,0,200,75,80,0.368497346216613
11377190,0,200,95,80,0.368497346216613
11377190,0,200,80,80,0.368497346216613
11377190,0,200,90,80,0.368497346216613
11377190,0,200,105,80,0.368497346216613
11377190,0,200,120,80,0.368497346216613
11377190,0,200,110,80,0.368497346216613
11377190,0,200,115,80,0.368497346216613
11377470,1,200,50,91,0.0975135845498421
11377470,1,200,60,91,0.0975135845498421
11377470,1,200,70,91,0.0975135845498421
11377470,1,200,55,91,0.0975135845498421
11377470,1,200,65,91,0.0975135845498421
11377470,1,200,85,91,0.0975135845498421
11377470,0,200,100,91,0.0975135845498421
11377470,1,200,75,91,0.0975135845498421
11377470,0,200,95,91,0.0975135845498421
11377470,1,200,80,91,0.0975135845498421
11377470,1,200,90,91,0.0975135845498421
11377470,0,200,105,91,0.0975135845498421
11377470,0,200,120,91,0.0975135845498421
11377470,0,200,110,91,0.0975135845498421
11377470,0,200,115,91,0.0975135845498421
11377451,1,200,50,89,0.167834218016803
11377451,1,200,60,89,0.167834218016803
11377451,1,200,70,89,0.167834218016803
11377451,1,200,55,89,0.167834218016803
11377451,1,200,65,89,0.167834218016803
11377451,1,200,85,89,0.167834218016803
11377451,0,200,100,89,0.167834218016803
11377451,1,200,75,89,0.167834218016803
11377451,0,200,95,89,0.167834218016803
11377451,1,200,80,89,0.167834218016803
11377451,0,200,90,89,0.167834218016803
11377451,0,200,105,89,0.167834218016803
11377451,0,200,120,89,0.167834218016803
11377451,1,200,110,89,0.167834218016803
11377451,0,200,115,89,0.167834218016803
11377691,0,200,50,99,0.987035590289899
11377691,0,200,60,99,0.987035590289899
11377691,0,200,70,99,0.987035590289899
11377691,0,200,55,99,0.987035590289899
11377691,0,200,65,99,0.987035590289899
11377691,0,200,85,99,0.987035590289899
11377691,0,200,100,99,0.987035590289899
11377691,0,200,75,99,0.987035590289899
11377691,0,200,95,99,0.987035590289899
11377691,0,200,80,99,0.987035590289899
11377691,0,200,90,99,0.987035590289899
11377691,0,200,105,99,0.987035590289899
11377691,0,200,120,99,0.987035590289899
11377691,0,200,110,99,0.987035590289899
11377691,0,200,115,99,0.987035590289899
11398334,1,200,50,111,0.395971319993357
11398334,1,200,60,111,0.395971319993357
11398334,0,200,70,111,0.395971319993357
11398334,1,200,55,111,0.395971319993357
11398334,0,200,65,111,0.395971319993357
11398334,0,200,85,111,0.395971319993357
11398334,0,200,100,111,0.395971319993357
11398334,0,200,75,111,0.395971319993357
11398334,0,200,95,111,0.395971319993357
11398334,0,200,80,111,0.395971319993357
11398334,0,200,90,111,0.395971319993357
11398334,0,200,105,111,0.395971319993357
11398334,0,200,120,111,0.395971319993357
11398334,0,200,110,111,0.395971319993357
11398334,0,200,115,111,0.395971319993357
11398394,1,200,50,115,0.352934884171429
11398394,1,200,60,115,0.352934884171429
11398394,0,200,70,115,0.352934884171429
11398394,1,200,55,115,0.352934884171429
11398394,1,200,65,115,0.352934884171429
11398394,0,200,85,115,0.352934884171429
11398394,0,200,100,115,0.352934884171429
11398394,0,200,75,115,0.352934884171429
11398394,0,200,95,115,0.352934884171429
11398394,0,200,80,115,0.352934884171429
11398394,0,200,90,115,0.352934884171429
11398394,0,200,105,115,0.352934884171429
11398394,0,200,120,115,0.352934884171429
11398394,0,200,110,115,0.352934884171429
11398394,0,200,115,115,0.352934884171429
11398618,0,200,50,118,0.987035590289899
11398618,0,200,60,118,0.987035590289899
11398618,0,200,70,118,0.987035590289899
11398618,0,200,55,118,0.987035590289899
11398618,0,200,65,118,0.987035590289899
11398618,0,200,85,118,0.987035590289899
11398618,0,200,100,118,0.987035590289899
11398618,0,200,75,118,0.987035590289899
11398618,0,200,95,118,0.987035590289899
11398618,0,200,80,118,0.987035590289899
11398618,0,200,90,118,0.987035590289899
11398618,0,200,105,118,0.987035590289899
11398618,0,200,120,118,0.987035590289899
11398618,0,200,110,118,0.987035590289899
11398618,0,200,115,118,0.987035590289899
11371837,1,200,50,2,0.352934884171429
11371837,1,200,60,2,0.352934884171429
11371837,0,200,70,2,0.352934884171429
11371837,1,200,55,2,0.352934884171429
11371837,1,200,65,2,0.352934884171429
11371837,0,200,85,2,0.352934884171429
11371837,0,200,100,2,0.352934884171429
11371837,0,200,75,2,0.352934884171429
11371837,0,200,95,2,0.352934884171429
11371837,0,200,80,2,0.352934884171429
11371837,0,200,90,2,0.352934884171429
11371837,0,200,105,2,0.352934884171429
11371837,0,200,120,2,0.352934884171429
11371837,0,200,110,2,0.352934884171429
11371837,0,200,115,2,0.352934884171429
11375545,1,200,50,12,0.352934884171429
11375545,1,200,60,12,0.352934884171429
11375545,0,200,70,12,0.352934884171429
11375545,1,200,55,12,0.352934884171429
11375545,1,200,65,12,0.352934884171429
11375545,0,200,85,12,0.352934884171429
11375545,0,200,100,12,0.352934884171429
11375545,0,200,75,12,0.352934884171429
11375545,0,200,95,12,0.352934884171429
11375545,0,200,80,12,0.352934884171429
11375545,0,200,90,12,0.352934884171429
11375545,0,200,105,12,0.352934884171429
11375545,0,200,120,12,0.352934884171429
11375545,0,200,110,12,0.352934884171429
11375545,0,200,115,12,0.352934884171429
11375696,0,200,50,20,0.987035590289899
11375696,0,200,60,20,0.987035590289899
11375696,0,200,70,20,0.987035590289899
11375696,0,200,55,20,0.987035590289899
11375696,0,200,65,20,0.987035590289899
11375696,0,200,85,20,0.987035590289899
11375696,0,200,100,20,0.987035590289899
11375696,0,200,75,20,0.987035590289899
11375696,0,200,95,20,0.987035590289899
11375696,0,200,80,20,0.987035590289899
11375696,0,200,90,20,0.987035590289899
11375696,0,200,105,20,0.987035590289899
11375696,0,200,120,20,0.987035590289899
11375696,0,200,110,20,0.987035590289899
11375696,0,200,115,20,0.987035590289899
11375853,1,200,50,28,0.352934884171429
11375853,1,200,60,28,0.352934884171429
11375853,0,200,70,28,0.352934884171429
11375853,1,200,55,28,0.352934884171429
11375853,1,200,65,28,0.352934884171429
11375853,0,200,85,28,0.352934884171429
11375853,0,200,100,28,0.352934884171429
11375853,0,200,75,28,0.352934884171429
11375853,0,200,95,28,0.352934884171429
11375853,0,200,80,28,0.352934884171429
11375853,0,200,90,28,0.352934884171429
11375853,0,200,105,28,0.352934884171429
11375853,0,200,120,28,0.352934884171429
11375853,0,200,110,28,0.352934884171429
11375853,0,200,115,28,0.352934884171429
11375783,1,200,50,22,0.156995855663583
11375783,1,200,60,22,0.156995855663583
11375783,1,200,70,22,0.156995855663583
11375783,1,200,55,22,0.156995855663583
11375783,1,200,65,22,0.156995855663583
11375783,1,200,85,22,0.156995855663583
11375783,0,200,100,22,0.156995855663583
11375783,1,200,75,22,0.156995855663583
11375783,0,200,95,22,0.156995855663583
11375783,1,200,80,22,0.156995855663583
11375783,0,200,90,22,0.156995855663583
11375783,0,200,105,22,0.156995855663583
11375783,0,200,120,22,0.156995855663583
11375783,0,200,110,22,0.156995855663583
11375783,0,200,115,22,0.156995855663583
11376005,1,200,50,36,0.0530755738394842
11376005,1,200,60,36,0.0530755738394842
11376005,1,200,70,36,0.0530755738394842
11376005,1,200,55,36,0.0530755738394842
11376005,1,200,65,36,0.0530755738394842
11376005,1,200,85,36,0.0530755738394842
11376005,0,200,100,36,0.0530755738394842
11376005,1,200,75,36,0.0530755738394842
11376005,1,200,95,36,0.0530755738394842
11376005,1,200,80,36,0.0530755738394842
11376005,1,200,90,36,0.0530755738394842
11376005,0,200,105,36,0.0530755738394842
11376005,0,200,120,36,0.0530755738394842
11376005,0,200,110,36,0.0530755738394842
11376005,0,200,115,36,0.0530755738394842
11376359,1,200,50,50,0.0530755738394842
11376359,1,200,60,50,0.0530755738394842
11376359,1,200,70,50,0.0530755738394842
11376359,1,200,55,50,0.0530755738394842
11376359,1,200,65,50,0.0530755738394842
11376359,1,200,85,50,0.0530755738394842
11376359,0,200,100,50,0.0530755738394842
11376359,1,200,75,50,0.0530755738394842
11376359,1,200,95,50,0.0530755738394842
11376359,1,200,80,50,0.0530755738394842
11376359,1,200,90,50,0.0530755738394842
11376359,0,200,105,50,0.0530755738394842
11376359,0,200,120,50,0.0530755738394842
11376359,0,200,110,50,0.0530755738394842
11376359,0,200,115,50,0.0530755738394842
11376326,1,200,50,48,0.302732428684077
11376326,0,200,60,48,0.302732428684077
11376326,1,200,70,48,0.302732428684077
11376326,1,200,55,48,0.302732428684077
11376326,1,200,65,48,0.302732428684077
11376326,0,200,85,48,0.302732428684077
11376326,0,200,100,48,0.302732428684077
11376326,1,200,75,48,0.302732428684077
11376326,0,200,95,48,0.302732428684077
11376326,1,200,80,48,0.302732428684077
11376326,0,200,90,48,0.302732428684077
11376326,0,200,105,48,0.302732428684077
11376326,0,200,120,48,0.302732428684077
11376326,0,200,110,48,0.302732428684077
11376326,0,200,115,48,0.302732428684077
11376563,0,200,50,56,0.987035590289899
11376563,0,200,60,56,0.987035590289899
11376563,0,200,70,56,0.987035590289899
11376563,0,200,55,56,0.987035590289899
11376563,0,200,65,56,0.987035590289899
11376563,0,200,85,56,0.987035590289899
11376563,0,200,100,56,0.987035590289899
11376563,0,200,75,56,0.987035590289899
11376563,0,200,95,56,0.987035590289899
11376563,0,200,80,56,0.987035590289899
11376563,0,200,90,56,0.987035590289899
11376563,0,200,105,56,0.987035590289899
11376563,0,200,120,56,0.987035590289899
11376563,0,200,110,56,0.987035590289899
11376563,0,200,115,56,0.987035590289899
11376681,1,200,50,63,0.42352145176941
11376681,0,200,60,63,0.42352145176941
11376681,1,200,70,63,0.42352145176941
11376681,0,200,55,63,0.42352145176941
11376681,0,200,65,63,0.42352145176941
11376681,0,200,85,63,0.42352145176941
11376681,0,200,100,63,0.42352145176941
11376681,1,200,75,63,0.42352145176941
11376681,0,200,95,63,0.42352145176941
11376681,1,200,80,63,0.42352145176941
11376681,0,200,90,63,0.42352145176941
11376681,0,200,105,63,0.42352145176941
11376681,0,200,120,63,0.42352145176941
11376681,0,200,110,63,0.42352145176941
11376681,0,200,115,63,0.42352145176941
11376877,1,200,50,69,0.326427308745604
11376877,1,200,60,69,0.326427308745604
11376877,1,200,70,69,0.326427308745604
11376877,1,200,55,69,0.326427308745604
11376877,0,200,65,69,0.326427308745604
11376877,0,200,85,69,0.326427308745604
11376877,0,200,100,69,0.326427308745604
11376877,1,200,75,69,0.326427308745604
11376877,0,200,95,69,0.326427308745604
11376877,0,200,80,69,0.326427308745604
11376877,0,200,90,69,0.326427308745604
11376877,0,200,105,69,0.326427308745604
11376877,0,200,120,69,0.326427308745604
11376877,0,200,110,69,0.326427308745604
11376877,0,200,115,69,0.326427308745604
11377060,1,200,50,77,0.156995855663583
11377060,1,200,60,77,0.156995855663583
11377060,1,200,70,77,0.156995855663583
11377060,1,200,55,77,0.156995855663583
11377060,1,200,65,77,0.156995855663583
11377060,1,200,85,77,0.156995855663583
11377060,0,200,100,77,0.156995855663583
11377060,1,200,75,77,0.156995855663583
11377060,0,200,95,77,0.156995855663583
11377060,1,200,80,77,0.156995855663583
11377060,0,200,90,77,0.156995855663583
11377060,0,200,105,77,0.156995855663583
11377060,0,200,120,77,0.156995855663583
11377060,0,200,110,77,0.156995855663583
11377060,0,200,115,77,0.156995855663583
11377297,1,200,50,83,0.0530755738394842
11377297,1,200,60,83,0.0530755738394842
11377297,1,200,70,83,0.0530755738394842
11377297,1,200,55,83,0.0530755738394842
11377297,1,200,65,83,0.0530755738394842
11377297,1,200,85,83,0.0530755738394842
11377297,0,200,100,83,0.0530755738394842
11377297,1,200,75,83,0.0530755738394842
11377297,1,200,95,83,0.0530755738394842
11377297,1,200,80,83,0.0530755738394842
11377297,1,200,90,83,0.0530755738394842
11377297,0,200,105,83,0.0530755738394842
11377297,0,200,120,83,0.0530755738394842
11377297,0,200,110,83,0.0530755738394842
11377297,0,200,115,83,0.0530755738394842
11377455,1,200,50,90,0.405807689123818
11377455,1,200,60,90,0.405807689123818
11377455,1,200,70,90,0.405807689123818
11377455,0,200,55,90,0.405807689123818
11377455,1,200,65,90,0.405807689123818
11377455,0,200,85,90,0.405807689123818
11377455,0,200,100,90,0.405807689123818
11377455,1,200,75,90,0.405807689123818
11377455,0,200,95,90,0.405807689123818
11377455,0,200,80,90,0.405807689123818
11377455,0,200,90,90,0.405807689123818
11377455,0,200,105,90,0.405807689123818
11377455,0,200,120,90,0.405807689123818
11377455,1,200,110,90,0.405807689123818
11377455,1,200,115,90,0.405807689123818
11377511,0,200,50,93,0.621152444638047
11377511,1,200,60,93,0.621152444638047
11377511,0,200,70,93,0.621152444638047
11377511,0,200,55,93,0.621152444638047
11377511,0,200,65,93,0.621152444638047
11377511,0,200,85,93,0.621152444638047
11377511,1,200,100,93,0.621152444638047
11377511,1,200,75,93,0.621152444638047
11377511,0,200,95,93,0.621152444638047
11377511,1,200,80,93,0.621152444638047
11377511,0,200,90,93,0.621152444638047
11377511,0,200,105,93,0.621152444638047
11377511,0,200,120,93,0.621152444638047
11377511,1,200,110,93,0.621152444638047
11377511,0,200,115,93,0.621152444638047
11377669,0,200,50,98,0.430369362888238
11377669,1,200,60,98,0.430369362888238
11377669,1,200,70,98,0.430369362888238
11377669,0,200,55,98,0.430369362888238
11377669,0,200,65,98,0.430369362888238
11377669,1,200,85,98,0.430369362888238
11377669,0,200,100,98,0.430369362888238
11377669,1,200,75,98,0.430369362888238
11377669,0,200,95,98,0.430369362888238
11377669,1,200,80,98,0.430369362888238
11377669,0,200,90,98,0.430369362888238
11377669,0,200,105,98,0.430369362888238
11377669,0,200,120,98,0.430369362888238
11377669,0,200,110,98,0.430369362888238
11377669,0,200,115,98,0.430369362888238
11398333,1,200,50,110,0.0975135845498421
11398333,1,200,60,110,0.0975135845498421
11398333,1,200,70,110,0.0975135845498421
11398333,1,200,55,110,0.0975135845498421
11398333,1,200,65,110,0.0975135845498421
11398333,1,200,85,110,0.0975135845498421
11398333,0,200,100,110,0.0975135845498421
11398333,1,200,75,110,0.0975135845498421
11398333,0,200,95,110,0.0975135845498421
11398333,1,200,80,110,0.0975135845498421
11398333,1,200,90,110,0.0975135845498421
11398333,0,200,105,110,0.0975135845498421
11398333,0,200,120,110,0.0975135845498421
11398333,0,200,110,110,0.0975135845498421
11398333,0,200,115,110,0.0975135845498421
11398403,1,200,50,116,0.441934885321038
11398403,0,200,60,116,0.441934885321038
11398403,0,200,70,116,0.441934885321038
11398403,1,200,55,116,0.441934885321038
11398403,0,200,65,116,0.441934885321038
11398403,0,200,85,116,0.441934885321038
11398403,0,200,100,116,0.441934885321038
11398403,0,200,75,116,0.441934885321038
11398403,0,200,95,116,0.441934885321038
11398403,0,200,80,116,0.441934885321038
11398403,0,200,90,116,0.441934885321038
11398403,0,200,105,116,0.441934885321038
11398403,0,200,120,116,0.441934885321038
11398403,0,200,110,116,0.441934885321038
11398403,0,200,115,116,0.441934885321038
11398329,1,200,50,107,0.441934885321038
11398329,0,200,60,107,0.441934885321038
11398329,0,200,70,107,0.441934885321038
11398329,1,200,55,107,0.441934885321038
11398329,0,200,65,107,0.441934885321038
11398329,0,200,85,107,0.441934885321038
11398329,0,200,100,107,0.441934885321038
11398329,0,200,75,107,0.441934885321038
11398329,0,200,95,107,0.441934885321038
11398329,0,200,80,107,0.441934885321038
11398329,0,200,90,107,0.441934885321038
11398329,0,200,105,107,0.441934885321038
11398329,0,200,120,107,0.441934885321038
11398329,0,200,110,107,0.441934885321038
11398329,0,200,115,107,0.441934885321038
