Participant Private ID,pass
11371805,TRUE
11371837,TRUE
11371842,TRUE
11371844,TRUE
11371872,TRUE
11375529,TRUE
11375531,FALSE
11375532,TRUE
11375533,TRUE
11375534,TRUE
11375537,TRUE
11375545,TRUE
11375583,TRUE
11375644,TRUE
11375648,TRUE
11375672,TRUE
11375676,TRUE
11375685,TRUE
11375695,TRUE
11375696,TRUE
11375721,TRUE
11375783,TRUE
11375785,TRUE
11375787,TRUE
11375815,TRUE
11375840,TRUE
11375846,TRUE
11375853,TRUE
11375889,TRUE
11375902,TRUE
11375907,TRUE
11375929,TRUE
11375935,TRUE
11375966,TRUE
11376000,TRUE
11376005,TRUE
11376009,FALSE
11376027,TRUE
11376033,TRUE
11376071,TRUE
11376158,TRUE
11376160,TRUE
11376164,TRUE
11376173,TRUE
11376225,TRUE
11376230,TRUE
11376296,TRUE
11376326,TRUE
11376357,TRUE
11376359,TRUE
11376370,TRUE
11376375,TRUE
11376459,TRUE
11376488,TRUE
11376521,TRUE
11376563,TRUE
11376583,TRUE
11376629,TRUE
11376635,TRUE
11376647,TRUE
11376666,TRUE
11376667,TRUE
11376681,TRUE
11376715,TRUE
11376760,TRUE
11376807,FALSE
11376830,TRUE
11376853,TRUE
11376877,TRUE
11376894,TRUE
11376903,TRUE
11376914,TRUE
11376932,TRUE
11376994,TRUE
11377038,TRUE
11377058,TRUE
11377060,TRUE
11377065,TRUE
11377146,TRUE
11377190,TRUE
11377249,TRUE
11377283,TRUE
11377297,FALSE
11377307,TRUE
11377326,TRUE
11377344,TRUE
11377380,TRUE
11377442,TRUE
11377451,TRUE
11377455,TRUE
11377470,TRUE
11377487,TRUE
11377511,TRUE
11377560,TRUE
11377565,TRUE
11377630,TRUE
11377647,TRUE
11377669,TRUE
11377691,TRUE
11377722,TRUE
11377743,FALSE
11377775,TRUE
11377895,TRUE
11379574,TRUE
11379578,TRUE
11398328,TRUE
11398329,TRUE
11398331,TRUE
11398332,TRUE
11398333,TRUE
11398334,TRUE
11398335,TRUE
11398341,TRUE
11398344,TRUE
11398394,TRUE
11398403,TRUE
11398605,TRUE
11398618,TRUE
11398625,TRUE
11398741,TRUE
